USE QhatuPERU;
GO

-- Tabla TIENDA
INSERT INTO TIENDA (CodTienda, Direccion, Distrito, Telefono, Fax) VALUES
(1, 'Av. Circunvalación 148', 'Sapallanga', '926804521', '064333310'),
(2, 'Av. Circunvalación 317', 'Pilcomayo', '996457815', '064372362'),
(3, 'Av. Huancavelica 840', 'Huancayo', '963993253', '064474532'),
(4, 'Av. Mariscal Castilla 306', 'Pariahuanca', '987116022', '064806481'),
(5, 'Av. Huancavelica 482', 'El Tambo', '900860066', '064258644'),
(6, 'Av. Ferrocarril 681', 'Huamancaca', '974012210', '064701094'),
(7, 'Calle Mantaro 257', 'Pariahuanca', '992147518', '064933468'),
(8, 'Jr. Lima 294', 'Pucará', '997823626', '064551120'),
(9, 'Jr. Puno 830', 'Pariahuanca', '957572308', '064550510'),
(10, 'Av. Mariscal Castilla 719', 'Pucará', '912511585', '064874336'),
(11, 'Calle Mantaro 571', 'Pilcomayo', '951293985', '064841297'),
(12, 'Av. Circunvalación 831', 'Pucará', '972962145', '064233198'),
(13, 'Av. Circunvalación 176', 'Sicaya', '925732780', '064441387'),
(14, 'Jr. Lima 764', 'Pucará', '994770212', '064995295'),
(15, 'Calle Mantaro 835', 'Hualhuas', '967673980', '064503944'),
(16, 'Jr. Lima 269', 'Hualhuas', '969274112', '064193673'),
(17, 'Jr. Puno 434', 'Sapallanga', '926071070', '064696487'),
(18, 'Jr. Puno 718', 'Sicaya', '930914128', '064990119'),
(19, 'Calle Mantaro 873', 'Chilca', '983893265', '064765693'),
(20, 'Av. Ferrocarril 496', 'Chilca', '990607279', '064871700'),
(21, 'Av. Ferrocarril 248', 'Hualhuas', '972848930', '064961918'),
(22, 'Av. Ferrocarril 841', 'El Tambo', '929974981', '064132020'),
(23, 'Av. Ferrocarril 199', 'Huamancaca', '942576853', '064735212'),
(24, 'Av. Ferrocarril 751', 'Pariahuanca', '934366115', '064372672'),
(25, 'Jr. Real 222', 'Hualhuas', '941788667', '064464765'),
(26, 'Av. Grau 867', 'Chilca', '920296773', '064589634'),
(27, 'Jr. Puno 671', 'Sapallanga', '999091248', '064782858'),
(28, 'Av. Huancavelica 141', 'Huamancaca', '942674878', '064388315'),
(29, 'Av. Ferrocarril 412', 'Huancayo', '944578201', '064485446'),
(30, 'Av. Huancavelica 238', 'Sicaya', '910757551', '064489866'),
(31, 'Calle Mantaro 107', 'Hualhuas', '957062955', '064491708'),
(32, 'Jr. Lima 756', 'Pilcomayo', '904925494', '064436806'),
(33, 'Av. Huancavelica 393', 'Pucará', '986384749', '064637667'),
(34, 'Av. Huancavelica 155', 'Pariahuanca', '984241632', '064888045'),
(35, 'Av. Huancavelica 639', 'Pilcomayo', '956619095', '064729635'),
(36, 'Jr. Puno 852', 'Huamancaca', '989164285', '064347247'),
(37, 'Av. Grau 379', 'Pariahuanca', '980488346', '064560312'),
(38, 'Av. Circunvalación 842', 'Pucará', '911455222', '064422194'),
(39, 'Jr. Puno 251', 'Pariahuanca', '958319146', '064619960'),
(40, 'Calle Mantaro 196', 'Hualhuas', '945229230', '064153307'),
(41, 'Jr. Lima 838', 'Pariahuanca', '976018729', '064692481'),
(42, 'Jr. Lima 553', 'Pucará', '928488725', '064520005'),
(43, 'Av. Huancavelica 491', 'Huancayo', '995163512', '064645599'),
(44, 'Jr. Real 415', 'Pucará', '953905547', '064460392'),
(45, 'Jr. Puno 911', 'Huancayo', '926743223', '064728698'),
(46, 'Jr. Lima 302', 'Pucará', '908464938', '064330410'),
(47, 'Av. Mariscal Castilla 345', 'Pilcomayo', '925968925', '064587105'),
(48, 'Av. Grau 660', 'Huamancaca', '928526199', '064318232'),
(49, 'Jr. Puno 137', 'Sicaya', '947525980', '064835824'),
(50, 'Av. Grau 573', 'Chilca', '914782246', '064680914'),
(51, 'Calle Mantaro 983', 'Sicaya', '930554602', '064237241'),
(52, 'Av. Mariscal Castilla 978', 'Huancayo', '912693702', '064176589'),
(53, 'Av. Grau 742', 'Huamancaca', '971974445', '064560672'),
(54, 'Jr. Puno 793', 'Pariahuanca', '939283373', '064325424'),
(55, 'Av. Mariscal Castilla 375', 'Sapallanga', '937284998', '064977526'),
(56, 'Jr. Real 436', 'Pucará', '952481572', '064656008'),
(57, 'Av. Circunvalación 820', 'El Tambo', '935580682', '064730877'),
(58, 'Jr. Lima 679', 'Huamancaca', '962446500', '064351031'),
(59, 'Jr. Lima 125', 'Pariahuanca', '944003834', '064889842'),
(60, 'Av. Ferrocarril 499', 'Hualhuas', '979707644', '064272762'),
(61, 'Av. Huancavelica 477', 'Hualhuas', '927788170', '064219918'),
(62, 'Av. Ferrocarril 563', 'Huamancaca', '963212039', '064319176'),
(63, 'Calle Los Andes 844', 'Hualhuas', '944567838', '064919828'),
(64, 'Calle Mantaro 781', 'Chilca', '981060479', '064624037'),
(65, 'Av. Huancavelica 195', 'Pilcomayo', '993196041', '064553642'),
(66, 'Jr. Puno 721', 'Sicaya', '944730063', '064256587'),
(67, 'Jr. Puno 186', 'Sicaya', '976338210', '064301669'),
(68, 'Av. Circunvalación 216', 'Sicaya', '926493369', '064844205'),
(69, 'Calle Mantaro 276', 'Hualhuas', '900981899', '064645024'),
(70, 'Jr. Puno 147', 'Huamancaca', '990784212', '064272004'),
(71, 'Calle Los Andes 921', 'Huancayo', '935263731', '064963330'),
(72, 'Av. Ferrocarril 912', 'Pilcomayo', '969947669', '064746097'),
(73, 'Av. Circunvalación 184', 'Chilca', '998551767', '064532718'),
(74, 'Av. Grau 575', 'Sicaya', '921333853', '064578828'),
(75, 'Calle Los Andes 361', 'Chilca', '979950485', '064345242'),
(76, 'Jr. Real 546', 'Hualhuas', '989796254', '064906617'),
(77, 'Jr. Lima 103', 'Sicaya', '982472693', '064752613'),
(78, 'Av. Huancavelica 909', 'Sapallanga', '989172776', '064251691'),
(79, 'Av. Grau 683', 'Huancayo', '904441637', '064777295'),
(80, 'Av. Ferrocarril 249', 'Pilcomayo', '957636116', '064785211'),
(81, 'Av. Mariscal Castilla 640', 'Pariahuanca', '933510314', '064923815'),
(82, 'Jr. Puno 432', 'Sapallanga', '904141946', '064846160'),
(83, 'Jr. Puno 603', 'Sicaya', '922375634', '064196103'),
(84, 'Av. Mariscal Castilla 724', 'Sapallanga', '931153554', '064907466'),
(85, 'Jr. Lima 568', 'Hualhuas', '923566527', '064371230'),
(86, 'Jr. Lima 805', 'Pucará', '928680668', '064127322'),
(87, 'Av. Grau 305', 'Pucará', '908407161', '064442424'),
(88, 'Calle Mantaro 999', 'El Tambo', '920002037', '064199643'),
(89, 'Calle Los Andes 150', 'Pariahuanca', '918091039', '064519124'),
(90, 'Calle Los Andes 802', 'Sapallanga', '938226980', '064590275'),
(91, 'Av. Ferrocarril 247', 'Pariahuanca', '973476204', '064917416'),
(92, 'Av. Circunvalación 478', 'Sicaya', '901552515', '064998635'),
(93, 'Jr. Lima 913', 'Sapallanga', '942722961', '064572931'),
(94, 'Av. Mariscal Castilla 441', 'Huancayo', '968779403', '064584979'),
(95, 'Jr. Puno 340', 'Huamancaca', '988874888', '064915340'),
(96, 'Jr. Lima 259', 'Huamancaca', '962762564', '064924554'),
(97, 'Calle Los Andes 565', 'Pilcomayo', '943185545', '064851240'),
(98, 'Calle Mantaro 318', 'Huamancaca', '939694870', '064349220'),
(99, 'Jr. Lima 273', 'El Tambo', '924231918', '064943806'),
(100, 'Av. Ferrocarril 790', 'Huamancaca', '903594800', '064169058');

-- Tabla LINEA 
INSERT INTO LINEA (NomLinea, Descripcion) VALUES
('Laptops', 'Portátiles de distintas gamas y marcas reconocidas'),
('Monitores', 'Pantallas LED y LCD para uso profesional y doméstico'),
('Teclados', 'Teclados mecánicos, inalámbricos y ergonómicos'),
('Mouses', 'Dispositivos ópticos y gamer con alta precisión'),
('Impresoras', 'Impresoras láser, tinta continua y multifunción'),
('Memorias', 'Memorias RAM DDR4 y DDR5 de alto rendimiento'),
('Procesadores', 'CPUs Intel y AMD para diversas necesidades'),
('Tarjetas Madre', 'Placas base compatibles con Intel y AMD'),
('Discos Duros', 'Almacenamiento HDD y SSD de distintas capacidades'),
('Cables', 'Cables HDMI, USB, red y energía certificados'),
('Auriculares', 'Headsets con micrófono y sonido envolvente'),
('Software', 'Licencias originales para Windows y Office'),
('Accesorios', 'Fundas, soportes, y complementos tecnológicos'),
('Redes', 'Routers, switches y dispositivos Wi-Fi'),
('Servidores', 'Equipos para centros de datos y oficinas grandes'),
('Cámaras', 'Webcams HD y cámaras de seguridad IP'),
('UPS', 'Sistemas de respaldo eléctrico y estabilizadores'),
('Proyectores', 'Proyectores LED y láser de alta resolución'),
('Tablets', 'Tablets Android y Windows para uso educativo'),
('Sillas Gamer', 'Sillas ergonómicas para jugadores y oficina'),
('Parlantes', 'Sistemas de sonido estéreo y Bluetooth'),
('Microfonos', 'Micrófonos de condensador y streaming'),
('Smartwatch', 'Relojes inteligentes y bandas deportivas'),
('Coolers', 'Ventiladores y sistemas de refrigeración líquida'),
('Cases', 'Gabinetes ATX, microATX y mini ITX'),
('Almacenamiento Externo', 'Discos portátiles USB 3.0 y SSD externos'),
('Fuentes de Poder', 'PSU certificadas 80 Plus para PC de escritorio'),
('Tarjetas Gráficas', 'GPUs NVIDIA y AMD para juegos y diseño'),
('Conectividad', 'Adaptadores Bluetooth y USB-C'),
('Cámaras DSLR', 'Cámaras profesionales y semiprofesionales'),
('Lectoras', 'Lectores de tarjetas SD y unidades ópticas'),
('Consolas', 'Consolas PlayStation, Xbox y Nintendo'),
('Controles', 'Mandos y accesorios para consolas y PC'),
('Pantallas Táctiles', 'Monitores táctiles interactivos'),
('Sistemas Operativos', 'Windows, Linux y otras plataformas'),
('Seguridad', 'Sistemas de videovigilancia y control de acceso'),
('Discos M.2', 'SSD NVMe de alto rendimiento'),
('Tarjetas de Red', 'Interfaces Ethernet y Wi-Fi PCIe'),
('Conectores', 'Adaptadores, extensores y divisores de señal'),
('Proyectores Portátiles', 'Mini proyectores compactos y potentes'),
('Docking Station', 'Bases con puertos múltiples para laptops'),
('Smart TV Box', 'Dispositivos Android TV y streaming'),
('Almacenamiento NAS', 'Servidores NAS para almacenamiento compartido'),
('Laptops Gamer', 'Portátiles con tarjetas gráficas dedicadas'),
('Mousepads', 'Alfombrillas RGB y ergonómicas'),
('Herramientas', 'Kits de limpieza y reparación de computadoras'),
('Redes Inalámbricas', 'Wi-Fi Mesh y repetidores de señal'),
('Estabilizadores', 'Equipos de protección contra sobrecargas'),
('Monitores Curvos', 'Pantallas ultra panorámicas curvas'),
('Tablets Gráficas', 'Dispositivos para diseño y dibujo digital'),
('Impresoras 3D', 'Equipos para impresión tridimensional'),
('Baterías', 'Repuestos y baterías externas para laptops'),
('Cámaras Web', 'Webcams con resolución Full HD y 4K'),
('Soportes', 'Brazos articulados para monitores y TVs'),
('Laptops Empresariales', 'Modelos optimizados para oficinas y negocios'),
('Adaptadores', 'Convertidores HDMI-VGA y similares'),
('SSD Externos', 'Unidades externas rápidas y compactas'),
('Gaming Gear', 'Equipos especializados para jugadores'),
('Microsd', 'Tarjetas de almacenamiento para móviles y cámaras'),
('Parlantes Bluetooth', 'Altavoces portátiles recargables'),
('Impresoras Portátiles', 'Dispositivos de impresión compactos'),
('Hub USB', 'Concentradores de puertos USB 3.0'),
('Sillas de Oficina', 'Sillas ergonómicas para espacios laborales'),
('Laptops Ultrabook', 'Equipos delgados y ligeros de alto rendimiento'),
('Refrigeración Líquida', 'Sistemas avanzados para PCs gamers'),
('Router Gamer', 'Routers de alta velocidad y baja latencia'),
('Switches PoE', 'Equipos de red con alimentación por Ethernet'),
('Memorias USB', 'Pendrives de diversas capacidades'),
('SSD Internos', 'Unidades de estado sólido internas SATA/NVMe'),
('Cables de Red', 'Cables Cat6 y Cat7 para alta velocidad'),
('Alfombrillas', 'Pads para mouse y teclado extendidos'),
('Cámaras Deportivas', 'GoPro y similares para grabación en movimiento'),
('Smartphones', 'Teléfonos inteligentes de gama media y alta'),
('Proyectores Empresariales', 'Modelos diseñados para oficinas y aulas'),
('Fuentes Modulares', 'PSU modulares para una gestión limpia de cables'),
('Kit de Limpieza', 'Soluciones y paños para pantallas y teclados'),
('Micrófonos USB', 'Modelos plug and play para grabación fácil'),
('Servidores Rack', 'Equipos montables en rack para empresas'),
('Discos Externos', 'HDD externos para respaldo de datos'),
('SSD Portátiles', 'Unidades de almacenamiento móvil ultrarrápidas'),
('Tarjetas Sonido', 'Placas PCIe para audio profesional'),
('Pantallas OLED', 'Monitores y televisores de alta definición OLED'),
('Accesorios VR', 'Complementos para realidad virtual'),
('Controladores', 'Drivers y software de hardware periférico'),
('Red Mesh', 'Sistemas Wi-Fi distribuidos para el hogar'),
('Cámaras de Seguridad', 'Modelos IP con visión nocturna'),
('Luces RGB', 'Iluminación para gabinetes y periféricos'),
('Headsets Inalámbricos', 'Auriculares sin cables para gaming'),
('Estaciones Dock', 'Bases universales para laptops y monitores'),
('Teclados RGB', 'Modelos retroiluminados personalizables'),
('Repetidores Wi-Fi', 'Extensores de cobertura inalámbrica'),
('SSD PCIe', 'Discos NVMe ultrarrápidos'),
('Laptops 2 en 1', 'Equipos convertibles entre laptop y tablet'),
('PCs de Escritorio', 'Computadoras ensambladas de alto rendimiento'),
('Fuentes de Alimentación', 'PSUs de bajo consumo y alta eficiencia'),
('Tarjetas Captura', 'Dispositivos para grabar y transmitir video'),
('Switch HDMI', 'Conmutadores de señal de video'),
('Bocinas', 'Sistemas de audio para eventos y oficinas');

-- Tabla PROVEEDOR
INSERT INTO PROVEEDOR (NomProveedor, Representante, Direccion, Ciudad, Departamento, CodigoPostal, Telefono, Fax) VALUES
('MicroSolutions S.A.C.', 'Elena Ramos', 'Av. Cusco 832', 'Huancavelica', 'Huancavelica', '12001', '994382585', '064990413'),
('DataPlus S.A.C.', 'Rosa Flores', 'Jr. Tarma 406', 'Cuzco', 'Cuzco', '12002', '986945623', '064601358'),
('CompuAndes S.A.C.', 'Ana Vargas', 'Av. San Carlos 408', 'Ayacucho', 'Ayacucho', '12003', '975156875', '064445782'),
('TechImport S.A.C.', 'Lucía Cruz', 'Jr. Cajamarca 883', 'Huancayo', 'Junin', '12004', '925243597', '064275711'),
('MegaTec S.A.C.', 'Jorge Flores', 'Av. Los Incas 230', 'Ayacucho', 'Ayacucho', '12005', '908940266', '064893240'),
('SysCom S.A.C.', 'Lucía Vargas', 'Jr. Cajamarca 287', 'Ayacucho', 'Ayacucho', '12006', '923906558', '064332054'),
('AndesTech S.A.C.', 'Lucía García', 'Av. Amazonas 113', 'Huancayo', 'Junin', '12007', '928733838', '064119567'),
('InforLine S.A.C.', 'Rosa Gómez', 'Av. Amazonas 346', 'Ayacucho', 'Ayacucho', '12008', '940208620', '064901044'),
('MicroSolutions S.A.C.', 'Pedro García', 'Av. Libertadores 534', 'Lima', 'Lima', '12009', '943080638', '064658761'),
('InforLine S.A.C.', 'María García', 'Av. Cusco 224', 'Cuzco', 'Cuzco', '12010', '968763364', '064634582'),
('CompuAndes S.A.C.', 'César Flores', 'Av. Los Incas 940', 'Cuzco', 'Cuzco', '12011', '974544250', '064329037'),
('MegaTec S.A.C.', 'Elena García', 'Av. Amazonas 944', 'Ayacucho', 'Ayacucho', '12012', '933990751', '064348153'),
('MicroSolutions S.A.C.', 'Jorge Cruz', 'Av. San Carlos 671', 'Ayacucho', 'Ayacucho', '12013', '919442364', '064806209'),
('AndesTech S.A.C.', 'Lucía Gómez', 'Av. Los Incas 430', 'Huancayo', 'Junin', '12014', '947649507', '064312901'),
('DataPlus S.A.C.', 'Carlos Ramos', 'Av. Los Incas 688', 'Lima', 'Lima', '12015', '937384918', '064768719'),
('MegaTec S.A.C.', 'Elena García', 'Av. Cusco 725', 'Huancavelica', 'Huancavelica', '12016', '906438125', '064949117'),
('DataPlus S.A.C.', 'Elena Torres', 'Av. San Carlos 275', 'Cuzco', 'Cuzco', '12017', '983401401', '064827256'),
('TecnoMarket S.A.C.', 'Rosa García', 'Av. Cusco 653', 'Huancayo', 'Junin', '12018', '924882362', '064374475'),
('AndesTech S.A.C.', 'Rosa Cruz', 'Av. Libertadores 679', 'Ayacucho', 'Ayacucho', '12019', '903932912', '064992122'),
('DigitalPro S.A.C.', 'Luis Vargas', 'Av. Cusco 436', 'Lima', 'Lima', '12020', '918983945', '064851492'),
('InforLine S.A.C.', 'Jorge Huamán', 'Jr. Ancash 542', 'Huancavelica', 'Huancavelica', '12021', '936705295', '064262611'),
('InforLine S.A.C.', 'Lucía Gómez', 'Jr. Ancash 290', 'Huancavelica', 'Huancavelica', '12022', '944626151', '064129220'),
('DigitalPro S.A.C.', 'Jorge Ramos', 'Jr. Ancash 397', 'Lima', 'Lima', '12023', '907553960', '064616193'),
('AndesTech S.A.C.', 'María Huamán', 'Av. San Carlos 624', 'Ayacucho', 'Ayacucho', '12024', '922788292', '064354496'),
('SysCom S.A.C.', 'César Huamán', 'Av. Los Incas 733', 'Lima', 'Lima', '12025', '968308733', '064568240'),
('AndesTech S.A.C.', 'Jorge Mendoza', 'Jr. Cajamarca 439', 'Ayacucho', 'Ayacucho', '12026', '971702207', '064261894'),
('DigitalPro S.A.C.', 'Luis Gómez', 'Jr. Cajamarca 885', 'Ayacucho', 'Ayacucho', '12027', '982714738', '064481219'),
('DigitalPro S.A.C.', 'Carlos Mendoza', 'Av. Los Incas 720', 'Ayacucho', 'Ayacucho', '12028', '909230603', '064924159'),
('TechImport S.A.C.', 'Ana Mendoza', 'Av. Los Incas 247', 'Huancavelica', 'Huancavelica', '12029', '958196878', '064233625'),
('AndesTech S.A.C.', 'María García', 'Av. Libertadores 970', 'Lima', 'Lima', '12030', '994846817', '064418225'),
('InforLine S.A.C.', 'Pedro Huamán', 'Av. Los Incas 534', 'Cuzco', 'Cuzco', '12031', '936550015', '064683675'),
('MicroSolutions S.A.C.', 'César Vargas', 'Av. Amazonas 603', 'Huancavelica', 'Huancavelica', '12032', '908019054', '064255916'),
('AndesTech S.A.C.', 'Carlos Ramos', 'Jr. Cajamarca 512', 'Huancavelica', 'Huancavelica', '12033', '938615002', '064970838'),
('MicroSolutions S.A.C.', 'Jorge Cruz', 'Jr. Ancash 268', 'Lima', 'Lima', '12034', '959824292', '064251571'),
('CompuAndes S.A.C.', 'Ana Ramos', 'Jr. Ancash 817', 'Huancayo', 'Junin', '12035', '969735101', '064232802'),
('InforLine S.A.C.', 'María Flores', 'Av. Libertadores 428', 'Lima', 'Lima', '12036', '950138883', '064694022'),
('MegaTec S.A.C.', 'Luis Mendoza', 'Av. Los Incas 496', 'Huancavelica', 'Huancavelica', '12037', '967656338', '064287676'),
('TecnoMarket S.A.C.', 'Lucía Torres', 'Av. Cusco 173', 'Huancavelica', 'Huancavelica', '12038', '969545719', '064992452'),
('DataPlus S.A.C.', 'Lucía Flores', 'Av. Amazonas 304', 'Huancavelica', 'Huancavelica', '12039', '921871040', '064446352'),
('AndesTech S.A.C.', 'Carlos García', 'Jr. Cajamarca 810', 'Huancayo', 'Junin', '12040', '953572923', '064978428'),
('AndesTech S.A.C.', 'César Ramos', 'Jr. San Martin 572', 'Huancavelica', 'Huancavelica', '12041', '959453189', '064354230'),
('AndesTech S.A.C.', 'María Mendoza', 'Jr. San Martin 253', 'Huancavelica', 'Huancavelica', '12042', '904430869', '064360201'),
('DataPlus S.A.C.', 'Luis Gómez', 'Av. San Carlos 839', 'Cuzco', 'Cuzco', '12043', '904169270', '064273162'),
('TechImport S.A.C.', 'María Lopez', 'Jr. San Martin 227', 'Huancayo', 'Junin', '12044', '962672561', '064530050'),
('DigitalPro S.A.C.', 'Rosa Mendoza', 'Jr. San Martin 420', 'Lima', 'Lima', '12045', '981621704', '064721830'),
('AndesTech S.A.C.', 'César Huamán', 'Av. Amazonas 244', 'Cuzco', 'Cuzco', '12046', '948600285', '064125613'),
('SysCom S.A.C.', 'Jorge Gómez', 'Jr. Ancash 819', 'Huancayo', 'Junin', '12047', '978656495', '064811495'),
('InforLine S.A.C.', 'César Huamán', 'Jr. Ancash 595', 'Lima', 'Lima', '12048', '948116200', '064610636'),
('DigitalPro S.A.C.', 'María Torres', 'Jr. Cajamarca 600', 'Huancavelica', 'Huancavelica', '12049', '924110862', '064720156'),
('MicroSolutions S.A.C.', 'Lucía Vargas', 'Jr. Tarma 643', 'Lima', 'Lima', '12050', '931533983', '064777675'),
('AndesTech S.A.C.', 'Pedro Ramos', 'Jr. Ancash 275', 'Lima', 'Lima', '12051', '901816135', '064520162'),
('MegaTec S.A.C.', 'Carlos Vargas', 'Calle Arequipa 933', 'Huancavelica', 'Huancavelica', '12052', '952128367', '064715264'),
('DigitalPro S.A.C.', 'Pedro Torres', 'Jr. Cajamarca 678', 'Ayacucho', 'Ayacucho', '12053', '909550634', '064756524'),
('DigitalPro S.A.C.', 'Elena Mendoza', 'Av. Los Incas 161', 'Huancayo', 'Junin', '12054', '922098689', '064354206'),
('MicroSolutions S.A.C.', 'César Vargas', 'Av. Libertadores 807', 'Cuzco', 'Cuzco', '12055', '939540349', '064953624'),
('MegaTec S.A.C.', 'Ana García', 'Av. Libertadores 832', 'Lima', 'Lima', '12056', '915638935', '064595807'),
('TechImport S.A.C.', 'Elena Cruz', 'Jr. Tarma 527', 'Huancavelica', 'Huancavelica', '12057', '955355260', '064960295'),
('TechImport S.A.C.', 'Luis Torres', 'Calle Arequipa 467', 'Cuzco', 'Cuzco', '12058', '985987573', '064619560'),
('TechImport S.A.C.', 'Elena García', 'Jr. Ancash 809', 'Ayacucho', 'Ayacucho', '12059', '928176622', '064354981'),
('CompuAndes S.A.C.', 'Luis Gómez', 'Av. San Carlos 416', 'Cuzco', 'Cuzco', '12060', '937473775', '064538834'),
('MegaTec S.A.C.', 'María Lopez', 'Av. San Carlos 580', 'Lima', 'Lima', '12061', '948712115', '064734908'),
('SysCom S.A.C.', 'Jorge Cruz', 'Jr. Ancash 849', 'Lima', 'Lima', '12062', '945680113', '064262250'),
('InforLine S.A.C.', 'Pedro Gómez', 'Jr. Ancash 575', 'Cuzco', 'Cuzco', '12063', '990352161', '064487872'),
('MicroSolutions S.A.C.', 'Carlos Cruz', 'Av. Amazonas 512', 'Ayacucho', 'Ayacucho', '12064', '941878986', '064624437'),
('InforLine S.A.C.', 'Rosa Flores', 'Av. Amazonas 651', 'Lima', 'Lima', '12065', '990882776', '064853549'),
('TechImport S.A.C.', 'Carlos Gómez', 'Jr. San Martin 732', 'Huancavelica', 'Huancavelica', '12066', '979829457', '064980424'),
('TechImport S.A.C.', 'Rosa García', 'Av. San Carlos 534', 'Ayacucho', 'Ayacucho', '12067', '972914816', '064282289'),
('TechImport S.A.C.', 'Jorge Huamán', 'Jr. Cajamarca 210', 'Cuzco', 'Cuzco', '12068', '904599079', '064143418'),
('MicroSolutions S.A.C.', 'Carlos Ramos', 'Calle Arequipa 912', 'Huancavelica', 'Huancavelica', '12069', '974558338', '064886401'),
('DigitalPro S.A.C.', 'Jorge García', 'Jr. Tarma 854', 'Huancavelica', 'Huancavelica', '12070', '941898345', '064246238'),
('TechImport S.A.C.', 'Elena Mendoza', 'Jr. Ancash 402', 'Lima', 'Lima', '12071', '993193039', '064611404'),
('TechImport S.A.C.', 'Lucía Ramos', 'Av. Los Incas 443', 'Cuzco', 'Cuzco', '12072', '922897330', '064467460'),
('MicroSolutions S.A.C.', 'Lucía Huamán', 'Av. Cusco 183', 'Huancavelica', 'Huancavelica', '12073', '922250430', '064165852'),
('TechImport S.A.C.', 'Carlos Torres', 'Jr. San Martin 672', 'Lima', 'Lima', '12074', '957261590', '064754531'),
('MicroSolutions S.A.C.', 'Luis Vargas', 'Jr. Tarma 781', 'Cuzco', 'Cuzco', '12075', '985027961', '064310757'),
('TechImport S.A.C.', 'Luis Vargas', 'Av. San Carlos 310', 'Lima', 'Lima', '12076', '985224651', '064690203'),
('DigitalPro S.A.C.', 'Jorge Huamán', 'Jr. Tarma 674', 'Huancavelica', 'Huancavelica', '12077', '993274067', '064684353'),
('DataPlus S.A.C.', 'Lucía Cruz', 'Jr. Tarma 898', 'Huancavelica', 'Huancavelica', '12078', '911522638', '064813569'),
('MegaTec S.A.C.', 'César Ramos', 'Av. Los Incas 558', 'Ayacucho', 'Ayacucho', '12079', '982441520', '064404904'),
('DataPlus S.A.C.', 'César Mendoza', 'Calle Arequipa 792', 'Ayacucho', 'Ayacucho', '12080', '959605125', '064921039'),
('AndesTech S.A.C.', 'Carlos Gómez', 'Jr. Cajamarca 362', 'Huancavelica', 'Huancavelica', '12081', '991441746', '064813724'),
('MicroSolutions S.A.C.', 'Ana García', 'Av. Libertadores 476', 'Huancavelica', 'Huancavelica', '12082', '933580278', '064722701'),
('InforLine S.A.C.', 'Jorge Vargas', 'Av. Libertadores 924', 'Ayacucho', 'Ayacucho', '12083', '935546199', '064815680'),
('TecnoMarket S.A.C.', 'Elena Huamán', 'Jr. Tarma 187', 'Cuzco', 'Cuzco', '12084', '974332117', '064779835'),
('TecnoMarket S.A.C.', 'César García', 'Calle Arequipa 844', 'Lima', 'Lima', '12085', '917748392', '064197114'),
('DataPlus S.A.C.', 'Carlos Lopez', 'Jr. Ancash 347', 'Huancavelica', 'Huancavelica', '12086', '979381436', '064170055'),
('AndesTech S.A.C.', 'Pedro Lopez', 'Av. Libertadores 649', 'Ayacucho', 'Ayacucho', '12087', '936245721', '064554577'),
('InforLine S.A.C.', 'Ana Gómez', 'Calle Arequipa 342', 'Ayacucho', 'Ayacucho', '12088', '953763705', '064637401'),
('CompuAndes S.A.C.', 'Pedro Ramos', 'Calle Arequipa 544', 'Lima', 'Lima', '12089', '937699199', '064446681'),
('DataPlus S.A.C.', 'Rosa Ramos', 'Jr. San Martin 871', 'Ayacucho', 'Ayacucho', '12090', '956002088', '064589757'),
('DataPlus S.A.C.', 'Carlos Gómez', 'Jr. Ancash 883', 'Huancavelica', 'Huancavelica', '12091', '999494226', '064583771'),
('DigitalPro S.A.C.', 'Ana Huamán', 'Jr. Cajamarca 241', 'Ayacucho', 'Ayacucho', '12092', '993407902', '064986088'),
('DigitalPro S.A.C.', 'Jorge Mendoza', 'Av. Libertadores 241', 'Huancavelica', 'Huancavelica', '12093', '907608350', '064147702'),
('AndesTech S.A.C.', 'Pedro Torres', 'Av. Cusco 301', 'Ayacucho', 'Ayacucho', '12094', '942511853', '064845538'),
('SysCom S.A.C.', 'Pedro Torres', 'Jr. Ancash 180', 'Huancavelica', 'Huancavelica', '12095', '901204968', '064465411'),
('SysCom S.A.C.', 'Carlos Vargas', 'Jr. Ancash 217', 'Huancayo', 'Junin', '12096', '950418575', '064327409'),
('DigitalPro S.A.C.', 'César Huamán', 'Jr. San Martin 674', 'Lima', 'Lima', '12097', '904181058', '064739803'),
('DataPlus S.A.C.', 'Carlos Flores', 'Av. Libertadores 709', 'Huancayo', 'Junin', '12098', '909947941', '064998865'),
('AndesTech S.A.C.', 'Jorge Gómez', 'Jr. Cajamarca 210', 'Lima', 'Lima', '12099', '904522220', '064911745'),
('TechImport S.A.C.', 'Pedro Ramos', 'Jr. Tarma 530', 'Ayacucho', 'Ayacucho', '12100', '991920437', '064115347');

-- Tabla ARTICULO
INSERT INTO ARTICULO (CodLinea, CodProveedor, DescripcionArticulo, Presentacion, PrecioProveedor, StockActual, StockMinimo, Descontinuado) VALUES
(79, 68, 'Router Canon 1', 'Unidad', 1327.41, 51, 14, 0),
(14, 67, 'Impresora HP 2', 'Blister', 2681.85, 84, 8, 0),
(44, 25, 'Mouse Logitech 3', 'Caja', 2936.15, 79, 15, 1),
(74, 7, 'Mouse Asus 4', 'Blister', 2036.92, 61, 14, 0),
(37, 81, 'RAM Dell 5', 'Paquete', 891.77, 90, 13, 0),
(51, 51, 'Tablet Asus 6', 'Caja', 502.65, 80, 6, 0),
(87, 84, 'RAM Dell 7', 'Caja', 1059.68, 30, 3, 0),
(52, 99, 'Router Epson 8', 'Unidad', 2097.92, 47, 10, 0),
(64, 18, 'Mouse HP 9', 'Paquete', 508.75, 84, 10, 0),
(70, 92, 'Fuente Kingston 10', 'Paquete', 1065.44, 70, 15, 0),
(62, 3, 'RAM TP-Link 11', 'Blister', 851.63, 44, 13, 0),
(4, 12, 'Disco Duro Kingston 12', 'Caja', 1517.49, 67, 12, 1),
(97, 8, 'Laptop Epson 13', 'Blister', 131.75, 16, 10, 0),
(74, 79, 'Disco Duro TP-Link 14', 'Unidad', 506.59, 86, 13, 0),
(86, 2, 'Mouse Acer 15', 'Blister', 767.34, 13, 8, 0),
(87, 76, 'Router Logitech 16', 'Blister', 177.01, 44, 8, 0),
(56, 23, 'Impresora TP-Link 17', 'Unidad', 2668.65, 68, 12, 0),
(42, 44, 'Impresora TP-Link 18', 'Blister', 2244.11, 86, 12, 0),
(6, 34, 'RAM Epson 19', 'Unidad', 1063.16, 19, 7, 0),
(34, 17, 'Mouse TP-Link 20', 'Paquete', 1265.48, 34, 7, 1),
(33, 28, 'Impresora Logitech 21', 'Blister', 1822.17, 20, 15, 0),
(21, 22, 'Mouse TP-Link 22', 'Caja', 2309.26, 67, 3, 1),
(88, 17, 'Router Canon 23', 'Paquete', 2588.25, 10, 15, 0),
(39, 28, 'RAM Kingston 24', 'Unidad', 651.23, 16, 3, 1),
(59, 38, 'Tablet Epson 25', 'Unidad', 2320.22, 31, 14, 1),
(88, 30, 'Mouse TP-Link 26', 'Caja', 1287.74, 88, 7, 0),
(66, 30, 'Mouse Epson 27', 'Paquete', 2338.75, 12, 11, 0),
(78, 58, 'Tablet Lenovo 28', 'Paquete', 1395.03, 42, 10, 0),
(85, 73, 'Laptop Asus 29', 'Blister', 221.01, 20, 8, 0),
(36, 94, 'Mouse Acer 30', 'Unidad', 67.58, 34, 14, 0),
(76, 74, 'Disco Duro HP 31', 'Paquete', 2119.17, 88, 9, 0),
(98, 61, 'RAM Kingston 32', 'Caja', 863.88, 34, 8, 0),
(33, 60, 'RAM Logitech 33', 'Blister', 1885.79, 30, 10, 0),
(80, 33, 'Fuente Acer 34', 'Unidad', 840.83, 100, 11, 0),
(35, 100, 'Impresora HP 35', 'Caja', 2793.94, 69, 15, 0),
(21, 59, 'Router Asus 36', 'Unidad', 2054.91, 99, 13, 0),
(44, 10, 'Router Dell 37', 'Caja', 496.47, 90, 11, 0),
(82, 94, 'Disco Duro Kingston 38', 'Paquete', 944.8, 50, 11, 0),
(89, 59, 'Tablet Epson 39', 'Caja', 1884.44, 32, 12, 0),
(78, 26, 'Laptop Lenovo 40', 'Paquete', 2804.52, 98, 14, 0),
(62, 51, 'Impresora Epson 41', 'Unidad', 2680.82, 91, 11, 0),
(42, 95, 'Disco Duro Canon 42', 'Unidad', 1683.98, 77, 9, 0),
(13, 14, 'Tablet Asus 43', 'Unidad', 2610.54, 87, 10, 0),
(20, 49, 'Disco Duro Acer 44', 'Paquete', 1338.49, 24, 4, 0),
(15, 15, 'Laptop Kingston 45', 'Unidad', 800.72, 90, 3, 0),
(95, 3, 'Mouse Asus 46', 'Paquete', 267.28, 99, 15, 0),
(64, 76, 'Mouse Lenovo 47', 'Unidad', 1305.01, 34, 7, 0),
(61, 77, 'Monitor Epson 48', 'Unidad', 2645.22, 43, 6, 0),
(78, 95, 'Router Kingston 49', 'Unidad', 1828.71, 20, 15, 0),
(53, 63, 'Laptop Dell 50', 'Unidad', 2631.53, 51, 4, 0),
(37, 69, 'Fuente Acer 51', 'Unidad', 1353.92, 62, 9, 0),
(35, 96, 'Mouse Canon 52', 'Unidad', 734.4, 57, 7, 0),
(4, 50, 'Teclado Canon 53', 'Unidad', 567.41, 59, 6, 0),
(67, 38, 'RAM Kingston 54', 'Paquete', 926.02, 92, 15, 0),
(11, 18, 'Tablet Canon 55', 'Unidad', 777.42, 44, 11, 1),
(65, 32, 'Fuente Dell 56', 'Unidad', 328.7, 84, 12, 0),
(84, 99, 'Mouse TP-Link 57', 'Unidad', 70.64, 95, 12, 0),
(80, 14, 'Router TP-Link 58', 'Unidad', 1325.26, 24, 15, 0),
(21, 71, 'Laptop Lenovo 59', 'Paquete', 537.26, 62, 3, 0),
(76, 13, 'Monitor Logitech 60', 'Unidad', 2103.3, 72, 6, 0),
(35, 16, 'RAM Asus 61', 'Unidad', 627.27, 66, 13, 0),
(44, 92, 'Monitor Logitech 62', 'Unidad', 879.38, 36, 13, 0),
(4, 41, 'Fuente Lenovo 63', 'Paquete', 1696.05, 86, 3, 0),
(46, 55, 'RAM Acer 64', 'Paquete', 1123.77, 20, 8, 0),
(87, 43, 'Tablet TP-Link 65', 'Caja', 866.59, 93, 10, 0),
(41, 17, 'Fuente Kingston 66', 'Caja', 841.05, 32, 10, 0),
(89, 57, 'Mouse TP-Link 67', 'Paquete', 416.06, 15, 8, 1),
(25, 67, 'Monitor Dell 68', 'Blister', 1546.8, 15, 8, 0),
(13, 62, 'RAM Acer 69', 'Unidad', 2143.55, 20, 3, 0),
(23, 56, 'Laptop Epson 70', 'Unidad', 2990.97, 34, 9, 0),
(47, 45, 'Tablet Canon 71', 'Caja', 1754.47, 79, 5, 1),
(82, 34, 'Disco Duro Asus 72', 'Paquete', 934.71, 53, 10, 0),
(66, 3, 'Laptop HP 73', 'Blister', 1811.22, 93, 13, 0),
(18, 81, 'Impresora HP 74', 'Caja', 2800.33, 65, 5, 0),
(38, 68, 'Router Epson 75', 'Blister', 287.36, 34, 5, 0),
(31, 22, 'Fuente Lenovo 76', 'Caja', 60.29, 67, 5, 0),
(60, 64, 'Mouse Epson 77', 'Unidad', 95.0, 39, 13, 0),
(11, 48, 'Disco Duro Asus 78', 'Caja', 257.97, 56, 11, 1),
(40, 36, 'Tablet Kingston 79', 'Paquete', 278.07, 83, 13, 1),
(45, 7, 'Monitor Lenovo 80', 'Blister', 987.31, 23, 13, 1),
(10, 5, 'Fuente Canon 81', 'Caja', 329.03, 92, 4, 0),
(79, 32, 'Fuente Asus 82', 'Paquete', 2868.98, 73, 10, 0),
(88, 52, 'Mouse Epson 83', 'Paquete', 1139.92, 81, 9, 0),
(17, 85, 'Impresora Canon 84', 'Blister', 345.18, 39, 8, 0),
(59, 98, 'Tablet Kingston 85', 'Unidad', 1669.73, 72, 9, 0),
(68, 10, 'Router Epson 86', 'Paquete', 1176.74, 18, 14, 0),
(10, 68, 'Fuente Logitech 87', 'Caja', 632.24, 86, 7, 0),
(81, 100, 'Mouse Lenovo 88', 'Caja', 1657.51, 75, 11, 1),
(27, 43, 'Mouse Logitech 89', 'Caja', 1558.17, 95, 14, 0),
(57, 20, 'Fuente Epson 90', 'Unidad', 275.09, 52, 5, 1),
(25, 82, 'Router Acer 91', 'Paquete', 1770.49, 18, 5, 1),
(71, 11, 'Laptop Lenovo 92', 'Caja', 1857.16, 43, 4, 1),
(82, 16, 'Router HP 93', 'Caja', 701.39, 97, 5, 0),
(72, 64, 'Disco Duro HP 94', 'Blister', 1219.18, 86, 5, 0),
(56, 20, 'Mouse Epson 95', 'Caja', 1912.71, 100, 4, 0),
(35, 16, 'RAM Lenovo 96', 'Unidad', 2783.23, 65, 3, 0),
(50, 73, 'Router Kingston 97', 'Paquete', 1012.08, 64, 15, 1),
(7, 34, 'Impresora TP-Link 98', 'Blister', 985.11, 85, 10, 0),
(65, 22, 'Mouse TP-Link 99', 'Blister', 1517.74, 45, 7, 0),
(38, 86, 'Laptop Acer 100', 'Paquete', 2526.02, 97, 5, 0);

-- Tabla ORDEN_COMPRA
INSERT INTO ORDEN_COMPRA (NumOrden, FechaOrden, FechaIngreso) VALUES
(1, '2024-02-29', '2024-03-07'),
(2, '2024-09-05', '2024-09-08'),
(3, '2024-06-27', '2024-07-01'),
(4, '2024-07-16', '2024-07-19'),
(5, '2024-11-17', '2024-11-20'),
(6, '2024-11-21', '2024-11-27'),
(7, '2024-06-06', '2024-06-10'),
(8, '2024-02-15', '2024-02-19'),
(9, '2024-03-03', '2024-03-09'),
(10, '2024-10-07', '2024-10-12'),
(11, '2024-04-22', '2024-04-26'),
(12, '2024-12-04', '2024-12-05'),
(13, '2024-09-12', '2024-09-17'),
(14, '2024-01-15', '2024-01-22'),
(15, '2024-09-18', '2024-09-22'),
(16, '2024-08-29', '2024-09-02'),
(17, '2024-08-18', '2024-08-19'),
(18, '2024-03-10', '2024-03-14'),
(19, '2024-11-08', '2024-11-13'),
(20, '2024-03-22', '2024-03-27'),
(21, '2024-08-25', '2024-08-29'),
(22, '2024-05-06', '2024-05-09'),
(23, '2024-07-13', '2024-07-19'),
(24, '2024-01-21', '2024-01-24'),
(25, '2024-01-30', '2024-02-05'),
(26, '2024-09-18', '2024-09-21'),
(27, '2024-01-02', '2024-01-05'),
(28, '2024-12-25', '2024-12-26'),
(29, '2024-12-28', '2024-12-30'),
(30, '2024-08-15', '2024-08-22'),
(31, '2024-05-09', '2024-05-11'),
(32, '2024-04-05', '2024-04-09'),
(33, '2024-10-29', '2024-11-05'),
(34, '2024-07-31', '2024-08-04'),
(35, '2024-02-05', '2024-02-07'),
(36, '2024-09-30', '2024-10-02'),
(37, '2024-09-01', '2024-09-05'),
(38, '2024-12-18', '2024-12-20'),
(39, '2024-01-18', '2024-01-24'),
(40, '2024-05-15', '2024-05-16'),
(41, '2024-12-13', '2024-12-15'),
(42, '2024-08-26', '2024-08-30'),
(43, '2024-09-29', '2024-10-05'),
(44, '2024-03-19', '2024-03-22'),
(45, '2024-05-02', '2024-05-09'),
(46, '2024-01-14', '2024-01-16'),
(47, '2024-09-15', '2024-09-17'),
(48, '2024-10-31', '2024-11-04'),
(49, '2024-11-02', '2024-11-05'),
(50, '2024-06-08', '2024-06-13'),
(51, '2024-07-02', '2024-07-05'),
(52, '2024-06-15', '2024-06-21'),
(53, '2024-12-06', '2024-12-11'),
(54, '2024-01-01', '2024-01-02'),
(55, '2024-06-24', '2024-06-25'),
(56, '2024-09-20', '2024-09-24'),
(57, '2024-03-09', '2024-03-12'),
(58, '2024-06-20', '2024-06-25'),
(59, '2024-05-05', '2024-05-10'),
(60, '2024-06-28', '2024-07-03'),
(61, '2024-10-03', '2024-10-10'),
(62, '2024-11-07', '2024-11-10'),
(63, '2024-03-09', '2024-03-15'),
(64, '2024-02-16', '2024-02-19'),
(65, '2024-01-24', '2024-01-25'),
(66, '2024-02-21', '2024-02-23'),
(67, '2024-03-15', '2024-03-17'),
(68, '2024-10-03', '2024-10-10'),
(69, '2024-12-18', '2024-12-20'),
(70, '2024-12-14', '2024-12-20'),
(71, '2024-03-29', '2024-04-03'),
(72, '2024-01-08', '2024-01-15'),
(73, '2024-02-01', '2024-02-08'),
(74, '2024-02-26', '2024-03-02'),
(75, '2024-09-11', '2024-09-13'),
(76, '2024-07-14', '2024-07-21'),
(77, '2024-08-25', '2024-08-29'),
(78, '2024-03-30', '2024-04-01'),
(79, '2024-11-01', '2024-11-06'),
(80, '2024-04-19', '2024-04-25'),
(81, '2024-05-18', '2024-05-21'),
(82, '2024-06-05', '2024-06-10'),
(83, '2024-09-14', '2024-09-15'),
(84, '2024-03-05', '2024-03-10'),
(85, '2024-12-28', '2024-12-31'),
(86, '2024-01-29', '2024-01-31'),
(87, '2024-06-22', '2024-06-27'),
(88, '2024-09-30', '2024-10-01'),
(89, '2024-11-15', '2024-11-22'),
(90, '2024-06-24', '2024-06-28'),
(91, '2024-03-04', '2024-03-11'),
(92, '2024-03-01', '2024-03-05'),
(93, '2024-03-01', '2024-03-04'),
(94, '2024-06-15', '2024-06-20'),
(95, '2024-01-23', '2024-01-25'),
(96, '2024-07-06', '2024-07-07'),
(97, '2024-08-05', '2024-08-11'),
(98, '2024-07-27', '2024-08-03'),
(99, '2024-09-06', '2024-09-11'),
(100, '2024-08-13', '2024-08-16');

-- Tabla ORDEN_DETALLE
INSERT INTO ORDEN_DETALLE (NumOrden, CodArticulo, PrecioCompra, CantidadSolicitada, CantidadRecibida, Estado) VALUES
(1, 1, 2980.85, 6, 14, 'Recibido'),
(2, 2, 652.97, 15, 4, 'Recibido'),
(3, 3, 220.34, 14, 10, 'Recibido'),
(4, 4, 830.3, 4, 9, 'Recibido'),
(5, 5, 940.43, 13, 3, 'Recibido'),
(6, 6, 2648.81, 15, 10, 'Recibido'),
(7, 7, 2671.61, 7, 8, 'Recibido'),
(8, 8, 2583.29, 1, 3, 'Recibido'),
(9, 9, 2770.41, 7, 13, 'Recibido'),
(10, 10, 1725.33, 10, 7, 'Recibido'),
(11, 11, 1603.77, 15, 14, 'Recibido'),
(12, 12, 1387.95, 2, 15, 'Recibido'),
(13, 13, 1615.51, 12, 4, 'Recibido'),
(14, 14, 1908.35, 12, 13, 'Recibido'),
(15, 15, 1841.59, 15, 2, 'Recibido'),
(16, 16, 1789.26, 2, 1, 'Recibido'),
(17, 17, 1335.87, 4, 2, 'Recibido'),
(18, 18, 3103.59, 2, 4, 'Recibido'),
(19, 19, 2012.75, 1, 12, 'Recibido'),
(20, 20, 1863.55, 3, 11, 'Recibido'),
(21, 21, 1845.93, 13, 10, 'Recibido'),
(22, 22, 2622.71, 2, 7, 'Recibido'),
(23, 23, 2517.62, 15, 10, 'Recibido'),
(24, 24, 2075.07, 14, 9, 'Recibido'),
(25, 25, 2268.23, 13, 12, 'Recibido'),
(26, 26, 2969.03, 6, 4, 'Recibido'),
(27, 27, 677.24, 15, 14, 'Recibido'),
(28, 28, 2233.27, 8, 11, 'Recibido'),
(29, 29, 147.99, 13, 11, 'Recibido'),
(30, 30, 550.56, 4, 2, 'Recibido'),
(31, 31, 3146.91, 14, 5, 'Recibido'),
(32, 32, 2780.14, 3, 14, 'Recibido'),
(33, 33, 1791.74, 13, 9, 'Recibido'),
(34, 34, 1369.48, 5, 3, 'Recibido'),
(35, 35, 1661.3, 7, 12, 'Recibido'),
(36, 36, 2136.18, 2, 5, 'Recibido'),
(37, 37, 1565.53, 9, 10, 'Recibido'),
(38, 38, 1744.12, 14, 15, 'Recibido'),
(39, 39, 2562.23, 9, 7, 'Recibido'),
(40, 40, 222.4, 14, 6, 'Recibido'),
(41, 41, 703.43, 3, 5, 'Recibido'),
(42, 42, 385.76, 2, 3, 'Recibido'),
(43, 43, 791.17, 8, 2, 'Recibido'),
(44, 44, 485.63, 13, 14, 'Recibido'),
(45, 45, 1561.34, 6, 4, 'Recibido'),
(46, 46, 739.64, 3, 3, 'Recibido'),
(47, 47, 817.27, 4, 4, 'Recibido'),
(48, 48, 2401.4, 3, 12, 'Recibido'),
(49, 49, 2367.71, 12, 13, 'Recibido'),
(50, 50, 1230.83, 3, 7, 'Recibido'),
(51, 51, 196.74, 6, 4, 'Recibido'),
(52, 52, 2423.24, 4, 11, 'Recibido'),
(53, 53, 3068.91, 12, 14, 'Recibido'),
(54, 54, 2852.02, 2, 6, 'Recibido'),
(55, 55, 1456.63, 13, 15, 'Recibido'),
(56, 56, 1860.31, 6, 6, 'Recibido'),
(57, 57, 974.43, 12, 15, 'Recibido'),
(58, 58, 2770.98, 4, 8, 'Recibido'),
(59, 59, 276.55, 8, 8, 'Recibido'),
(60, 60, 1099.96, 13, 2, 'Recibido'),
(61, 61, 368.84, 12, 2, 'Recibido'),
(62, 62, 725.04, 8, 14, 'Recibido'),
(63, 63, 406.16, 14, 13, 'Recibido'),
(64, 64, 1052.0, 5, 11, 'Recibido'),
(65, 65, 1402.56, 7, 10, 'Recibido'),
(66, 66, 982.57, 13, 12, 'Recibido'),
(67, 67, 1774.74, 13, 5, 'Recibido'),
(68, 68, 369.55, 7, 6, 'Recibido'),
(69, 69, 2707.02, 13, 1, 'Recibido'),
(70, 70, 856.44, 12, 14, 'Recibido'),
(71, 71, 1826.9, 3, 9, 'Recibido'),
(72, 72, 872.84, 9, 9, 'Recibido'),
(73, 73, 3140.36, 7, 9, 'Recibido'),
(74, 74, 2644.6, 6, 9, 'Recibido'),
(75, 75, 529.49, 12, 3, 'Recibido'),
(76, 76, 2117.83, 14, 10, 'Recibido'),
(77, 77, 991.26, 7, 2, 'Recibido'),
(78, 78, 2054.58, 9, 9, 'Recibido'),
(79, 79, 3022.42, 11, 8, 'Recibido'),
(80, 80, 1272.34, 2, 13, 'Recibido'),
(81, 81, 107.43, 8, 11, 'Recibido'),
(82, 82, 1952.16, 6, 7, 'Recibido'),
(83, 83, 1176.86, 1, 14, 'Recibido'),
(84, 84, 2273.85, 9, 8, 'Recibido'),
(85, 85, 1958.27, 15, 3, 'Recibido'),
(86, 86, 982.57, 3, 14, 'Recibido'),
(87, 87, 2107.52, 15, 12, 'Recibido'),
(88, 88, 2255.81, 9, 9, 'Recibido'),
(89, 89, 2292.39, 3, 10, 'Recibido'),
(90, 90, 497.08, 14, 13, 'Recibido'),
(91, 91, 800.11, 4, 12, 'Recibido'),
(92, 92, 1908.18, 6, 12, 'Recibido'),
(93, 93, 3024.48, 8, 7, 'Recibido'),
(94, 94, 429.81, 14, 5, 'Recibido'),
(95, 95, 618.12, 13, 15, 'Recibido'),
(96, 96, 986.82, 14, 11, 'Recibido'),
(97, 97, 2137.63, 4, 6, 'Recibido'),
(98, 98, 1420.06, 2, 10, 'Recibido'),
(99, 99, 396.43, 6, 11, 'Recibido'),
(100, 100, 3091.91, 2, 7, 'Recibido');

-- Tabla TRANSPORTISTA
INSERT INTO TRANSPORTISTA (CodTransportista, NomTransportista, Direccion, Telefono) VALUES
(1, 'SpeedEnvio', 'Av. Logística 542', '980208615'),
(2, 'TransPeru', 'Calle Los Olivos 195', '904468721'),
(3, 'FleteAndes', 'Calle Los Olivos 854', '918789128'),
(4, 'TransAndes', 'Av. Industrial 201', '926338316'),
(5, 'FleteAndes', 'Calle Central 767', '953754009'),
(6, 'TransPeru', 'Av. Logística 640', '980709768'),
(7, 'TransAndes', 'Av. Industrial 528', '997339193'),
(8, 'SpeedEnvio', 'Av. Industrial 338', '998785174'),
(9, 'AndinaCargo', 'Av. Logística 524', '993657245'),
(10, 'AndinaCargo', 'Av. Transporte 663', '946520346'),
(11, 'CargoNet', 'Av. Logística 393', '955673117'),
(12, 'SpeedEnvio', 'Av. Logística 105', '967719853'),
(13, 'SpeedEnvio', 'Av. Transporte 462', '993373328'),
(14, 'TransAndes', 'Av. Transporte 668', '922307609'),
(15, 'EnvioTotal', 'Av. San Carlos 530', '936291009'),
(16, 'MoveFast', 'Calle Central 118', '944526893'),
(17, 'LogiExpress', 'Av. Transporte 993', '968463781'),
(18, 'CargoNet', 'Av. Industrial 899', '937018522'),
(19, 'RapidEnvios', 'Av. Ferrocarril 320', '979524011'),
(20, 'FleteAndes', 'Av. San Carlos 727', '975400635'),
(21, 'TransAndes', 'Calle Los Olivos 110', '964275412'),
(22, 'FleteAndes', 'Av. Logística 647', '939706731'),
(23, 'CargoNet', 'Jr. Mantaro 812', '950457912'),
(24, 'CargoNet', 'Calle Central 859', '903384249'),
(25, 'TransAndes', 'Jr. Comercio 470', '980134133'),
(26, 'FleteAndes', 'Av. Transporte 854', '925619420'),
(27, 'SpeedEnvio', 'Jr. Mantaro 805', '904277717'),
(28, 'TransAndes', 'Jr. Mantaro 106', '948624686'),
(29, 'CargoNet', 'Av. San Carlos 867', '954066325'),
(30, 'EnvioTotal', 'Calle Central 815', '967263284'),
(31, 'TransAndes', 'Av. Ferrocarril 951', '972881500'),
(32, 'SpeedEnvio', 'Av. Industrial 103', '993948575'),
(33, 'FleteAndes', 'Av. Ferrocarril 753', '900316046'),
(34, 'RapidEnvios', 'Calle Los Olivos 976', '947396968'),
(35, 'FleteAndes', 'Jr. Mantaro 539', '976092210'),
(36, 'CargoNet', 'Jr. Comercio 425', '908610096'),
(37, 'LogiExpress', 'Av. Ferrocarril 365', '941875001'),
(38, 'SpeedEnvio', 'Av. San Carlos 549', '948924749'),
(39, 'SpeedEnvio', 'Calle Los Olivos 742', '991196992'),
(40, 'LogiExpress', 'Av. San Carlos 602', '965171185'),
(41, 'LogiExpress', 'Calle Los Olivos 459', '953208890'),
(42, 'EnvioTotal', 'Jr. Comercio 888', '915443071'),
(43, 'EnvioTotal', 'Av. Transporte 756', '911696449'),
(44, 'FleteAndes', 'Jr. Los Cedros 371', '975748101'),
(45, 'CargoNet', 'Calle Central 690', '940046701'),
(46, 'RapidEnvios', 'Av. San Carlos 793', '960523706'),
(47, 'EnvioTotal', 'Jr. Los Cedros 688', '937487878'),
(48, 'TransAndes', 'Jr. Comercio 378', '937434617'),
(49, 'MoveFast', 'Av. Ferrocarril 520', '975413570'),
(50, 'MoveFast', 'Av. Transporte 418', '933287840'),
(51, 'SpeedEnvio', 'Av. Ferrocarril 551', '946534578'),
(52, 'CargoNet', 'Av. Ferrocarril 153', '954322632'),
(53, 'TransAndes', 'Av. Ferrocarril 267', '952581780'),
(54, 'FleteAndes', 'Jr. Los Cedros 851', '956370880'),
(55, 'TransAndes', 'Jr. Los Cedros 565', '970877315'),
(56, 'TransPeru', 'Av. San Carlos 375', '971373451'),
(57, 'FleteAndes', 'Av. Logística 902', '968314422'),
(58, 'FleteAndes', 'Av. Industrial 922', '950328657'),
(59, 'EnvioTotal', 'Jr. Mantaro 420', '983001879'),
(60, 'CargoNet', 'Av. Logística 694', '968294336'),
(61, 'SpeedEnvio', 'Av. San Carlos 351', '930378080'),
(62, 'LogiExpress', 'Jr. Comercio 707', '971659355'),
(63, 'RapidEnvios', 'Calle Los Olivos 453', '997329791'),
(64, 'EnvioTotal', 'Av. Industrial 526', '925932168'),
(65, 'TransAndes', 'Av. San Carlos 505', '977793832'),
(66, 'RapidEnvios', 'Jr. Mantaro 653', '918432948'),
(67, 'SpeedEnvio', 'Jr. Los Cedros 630', '948281977'),
(68, 'TransPeru', 'Calle Los Olivos 703', '901372300'),
(69, 'CargoNet', 'Av. Logística 703', '989198014'),
(70, 'SpeedEnvio', 'Av. Ferrocarril 178', '921460502'),
(71, 'CargoNet', 'Jr. Comercio 168', '988228041'),
(72, 'SpeedEnvio', 'Jr. Los Cedros 632', '920018832'),
(73, 'RapidEnvios', 'Av. San Carlos 446', '976644837'),
(74, 'FleteAndes', 'Jr. Los Cedros 302', '919460127'),
(75, 'LogiExpress', 'Jr. Comercio 164', '961702756'),
(76, 'AndinaCargo', 'Av. Logística 286', '987035430'),
(77, 'TransPeru', 'Av. San Carlos 760', '977305585'),
(78, 'RapidEnvios', 'Calle Los Olivos 415', '986346035'),
(79, 'SpeedEnvio', 'Av. Ferrocarril 506', '920418171'),
(80, 'AndinaCargo', 'Av. Logística 483', '977695370'),
(81, 'TransPeru', 'Calle Central 631', '900885686'),
(82, 'SpeedEnvio', 'Av. Industrial 751', '957417422'),
(83, 'TransPeru', 'Jr. Mantaro 663', '900598169'),
(84, 'FleteAndes', 'Av. Transporte 639', '945064210'),
(85, 'CargoNet', 'Av. Logística 280', '953784102'),
(86, 'TransPeru', 'Calle Los Olivos 486', '994434582'),
(87, 'RapidEnvios', 'Jr. Los Cedros 101', '928624031'),
(88, 'TransAndes', 'Calle Central 341', '900014274'),
(89, 'EnvioTotal', 'Av. Industrial 860', '950352742'),
(90, 'LogiExpress', 'Calle Central 223', '971411829'),
(91, 'RapidEnvios', 'Av. Industrial 182', '907994299'),
(92, 'SpeedEnvio', 'Av. Industrial 251', '977686887'),
(93, 'MoveFast', 'Av. Industrial 195', '964168671'),
(94, 'LogiExpress', 'Calle Central 658', '991723819'),
(95, 'SpeedEnvio', 'Calle Los Olivos 967', '966207689'),
(96, 'TransPeru', 'Av. San Carlos 378', '981396163'),
(97, 'CargoNet', 'Av. Transporte 190', '969121730'),
(98, 'FleteAndes', 'Av. Ferrocarril 111', '907599014'),
(99, 'TransPeru', 'Jr. Los Cedros 796', '969850140'),
(100, 'EnvioTotal', 'Calle Central 331', '942956061');

-- Tabla GUIA_ENVIO
INSERT INTO GUIA_ENVIO (NumGuia, CodTienda, FechaSalida, CodTransportista) VALUES
(1, 45, '2024-04-30', 55),
(2, 71, '2024-02-16', 21),
(3, 82, '2024-06-24', 40),
(4, 85, '2024-09-17', 48),
(5, 41, '2024-01-02', 35),
(6, 78, '2024-07-13', 49),
(7, 14, '2024-09-09', 1),
(8, 43, '2024-01-01', 69),
(9, 20, '2024-12-18', 86),
(10, 87, '2024-11-02', 32),
(11, 89, '2024-10-23', 15),
(12, 3, '2024-02-12', 26),
(13, 71, '2024-02-16', 93),
(14, 70, '2024-12-30', 10),
(15, 71, '2024-07-24', 58),
(16, 18, '2024-06-15', 78),
(17, 31, '2024-04-15', 74),
(18, 31, '2024-07-22', 56),
(19, 97, '2024-11-07', 42),
(20, 29, '2024-01-03', 13),
(21, 60, '2024-01-05', 16),
(22, 14, '2024-10-04', 97),
(23, 71, '2024-03-11', 45),
(24, 73, '2024-12-05', 81),
(25, 1, '2024-01-23', 54),
(26, 77, '2024-11-28', 78),
(27, 75, '2024-01-21', 56),
(28, 27, '2024-03-29', 63),
(29, 1, '2024-10-02', 53),
(30, 28, '2024-01-06', 34),
(31, 17, '2024-01-30', 53),
(32, 48, '2024-11-23', 95),
(33, 61, '2024-06-10', 28),
(34, 25, '2024-11-07', 51),
(35, 98, '2024-04-23', 77),
(36, 69, '2024-09-12', 59),
(37, 35, '2024-09-22', 59),
(38, 44, '2024-09-10', 90),
(39, 55, '2024-12-12', 24),
(40, 30, '2024-02-10', 62),
(41, 73, '2024-03-07', 68),
(42, 12, '2024-11-04', 44),
(43, 97, '2024-06-06', 37),
(44, 67, '2024-03-13', 54),
(45, 64, '2024-05-02', 4),
(46, 90, '2024-10-18', 43),
(47, 34, '2024-05-10', 5),
(48, 52, '2024-07-28', 75),
(49, 100, '2024-12-25', 98),
(50, 40, '2024-03-10', 7),
(51, 66, '2024-10-06', 4),
(52, 5, '2024-10-03', 64),
(53, 44, '2024-03-30', 61),
(54, 40, '2024-05-25', 100),
(55, 14, '2024-10-28', 28),
(56, 70, '2024-12-23', 98),
(57, 48, '2024-10-14', 57),
(58, 37, '2024-12-22', 91),
(59, 48, '2024-09-25', 16),
(60, 15, '2024-05-09', 60),
(61, 17, '2024-06-01', 81),
(62, 84, '2024-03-14', 63),
(63, 38, '2024-11-04', 87),
(64, 69, '2024-09-30', 65),
(65, 3, '2024-05-14', 47),
(66, 49, '2024-01-10', 72),
(67, 92, '2024-12-11', 77),
(68, 19, '2024-06-07', 67),
(69, 57, '2024-04-04', 79),
(70, 56, '2024-03-27', 18),
(71, 44, '2024-11-26', 60),
(72, 51, '2024-01-01', 11),
(73, 62, '2024-10-31', 43),
(74, 99, '2024-04-24', 7),
(75, 20, '2024-06-13', 66),
(76, 84, '2024-11-06', 17),
(77, 5, '2024-01-13', 87),
(78, 22, '2024-11-15', 43),
(79, 28, '2024-05-12', 87),
(80, 58, '2024-02-13', 2),
(81, 65, '2024-04-12', 51),
(82, 23, '2024-12-24', 51),
(83, 26, '2024-06-14', 17),
(84, 85, '2024-09-15', 66),
(85, 86, '2024-08-24', 7),
(86, 25, '2024-06-26', 80),
(87, 88, '2024-09-15', 41),
(88, 3, '2024-04-15', 49),
(89, 26, '2024-06-20', 73),
(90, 9, '2024-10-10', 25),
(91, 16, '2024-05-13', 29),
(92, 42, '2024-04-24', 9),
(93, 48, '2024-12-25', 100),
(94, 20, '2024-10-18', 68),
(95, 42, '2024-11-01', 38),
(96, 80, '2024-10-06', 58),
(97, 87, '2024-11-23', 17),
(98, 33, '2024-07-25', 24),
(99, 43, '2024-03-11', 97),
(100, 94, '2024-10-15', 28);

-- Tabla GUIA_DETALLE
INSERT INTO GUIA_DETALLE (NumGuia, CodArticulo, PrecioVenta, CantidadEnviada) VALUES
(1, 1, 2897.35, 4),
(2, 2, 879.58, 3),
(3, 3, 2942.68, 6),
(4, 4, 541.83, 7),
(5, 5, 3379.36, 5),
(6, 6, 1768.24, 8),
(7, 7, 3188.98, 2),
(8, 8, 1409.8, 4),
(9, 9, 530.99, 5),
(10, 10, 1579.79, 4),
(11, 11, 1199.76, 6),
(12, 12, 1501.11, 5),
(13, 13, 1952.03, 8),
(14, 14, 2913.25, 9),
(15, 15, 2239.28, 4),
(16, 16, 1277.2, 9),
(17, 17, 3142.22, 8),
(18, 18, 1098.76, 10),
(19, 19, 2334.51, 5),
(20, 20, 339.75, 4),
(21, 21, 1411.25, 10),
(22, 22, 383.84, 9),
(23, 23, 3407.77, 10),
(24, 24, 1005.1, 8),
(25, 25, 980.52, 3),
(26, 26, 3318.97, 8),
(27, 27, 1601.97, 5),
(28, 28, 2873.11, 7),
(29, 29, 971.51, 5),
(30, 30, 1993.4, 7),
(31, 31, 244.11, 2),
(32, 32, 2827.41, 5),
(33, 33, 455.48, 8),
(34, 34, 1340.09, 8),
(35, 35, 3460.45, 6),
(36, 36, 2387.46, 10),
(37, 37, 1705.61, 5),
(38, 38, 3053.59, 10),
(39, 39, 1496.84, 10),
(40, 40, 1539.0, 9),
(41, 41, 141.07, 8),
(42, 42, 1971.82, 6),
(43, 43, 3326.26, 9),
(44, 44, 1128.39, 3),
(45, 45, 2669.34, 7),
(46, 46, 1807.43, 2),
(47, 47, 2644.66, 6),
(48, 48, 128.57, 5),
(49, 49, 1061.34, 4),
(50, 50, 1569.83, 9),
(51, 51, 2115.86, 8),
(52, 52, 3362.47, 6),
(53, 53, 750.54, 10),
(54, 54, 3033.93, 10),
(55, 55, 2731.28, 7),
(56, 56, 1256.83, 3),
(57, 57, 290.6, 6),
(58, 58, 309.64, 9),
(59, 59, 3403.59, 2),
(60, 60, 457.54, 5),
(61, 61, 3351.9, 5),
(62, 62, 2042.97, 4),
(63, 63, 309.27, 3),
(64, 64, 2266.4, 7),
(65, 65, 2654.79, 7),
(66, 66, 3339.58, 3),
(67, 67, 213.99, 10),
(68, 68, 2577.33, 4),
(69, 69, 1956.69, 9),
(70, 70, 3373.11, 4),
(71, 71, 2343.83, 9),
(72, 72, 1156.7, 5),
(73, 73, 2180.74, 8),
(74, 74, 2820.66, 8),
(75, 75, 1666.85, 8),
(76, 76, 1835.18, 6),
(77, 77, 3341.12, 3),
(78, 78, 3182.04, 8),
(79, 79, 2225.06, 8),
(80, 80, 1712.34, 9),
(81, 81, 697.59, 1),
(82, 82, 1013.81, 7),
(83, 83, 1728.23, 9),
(84, 84, 909.8, 9),
(85, 85, 2065.47, 7),
(86, 86, 2353.34, 5),
(87, 87, 3197.73, 2),
(88, 88, 2142.52, 9),
(89, 89, 2445.88, 6),
(90, 90, 3019.71, 2),
(91, 91, 318.04, 1),
(92, 92, 2640.65, 6),
(93, 93, 1427.96, 10),
(94, 94, 1975.67, 6),
(95, 95, 2979.11, 10),
(96, 96, 1408.37, 10),
(97, 97, 3400.28, 1),
(98, 98, 2676.55, 9),
(99, 99, 274.51, 6),
(100, 100, 1275.94, 7);

